,,SVPHIS- Teacher-Subject-Class Allocation,,,,,
,,Sl.No,Name of the teacher,Class Teachership/Co-Classteachership,Handling Classes and Subjects,Period per class/subject,Total Number of periods per week
,,1,Ms.Anupama Chitrala,Nursery- Blooming Buds,Mother Teacher,-,-
,,2,Ms.Rekha Joshi,LKG- Little Learners,Mother Teacher,-,-
,,3,Ms.Prabhavati Karigar,UKG- Creative Champs,Mother Teacher,-,-
,,4,Ms.Vidya Hiremath,-,Co-class teacher of Preprimary,-,-
,,5,Ms.Ramya Upadhye,Gr.1- Dhruva,Kannada- Gr.1 Dhruva,5,
,,,,,Kannada- Gr.2 Da.Ra.Bendre,5,
,,,,,Music- Gr.1 to Gr.9,,
,,,,,CCA- Gr1 Dhruva,2,
,,,,,Life Skills- Gr.1 Dhruva,1,
,,6,Ms.Vinuta Patil,Gr.1- Nachiketa,Kannada- Gr.1 Nachiketa,5,25
,,,,,Kannada- Gr.2 D.V.G,5,
,,,,,Kannada- Gr.3 Gangubai,5,
,,,,,Kannada- Gr.3 Akka Mahadevi,5,
,,,,,Kannada- Gr.4 Purandaradasaru,5,
,,7,Ms.Veena C kamble,Gr.2- Da Ra Bendre,English-Gr.1 Dhruva,5,
,,,,,English- Gr.2 Da.Ra.Bendre,5,
,,,,,English- Gr.2 D.V.G,5,
,,,,,Spoken English-Gr.1 Dhruva,1,
,,,,,Spoken English- Gr.2 Da.Ra.Bendre,1,25
,,,,,Spoken English- Gr.2 D.V.G,1,
,,,,,English Olympiad-Gr.1 Dhruva,1,
,,,,,English olypiad- Gr.2 Da.Ra.Bendre,1,
,,,,,English Olympiad- Gr.2 D.V.G,1,
,,,,,CCA- Gr.2 Da.Ra.Bendre,2,
,,,,,Remedial- Gr.2 Da.Ra.Bendre,1,
,,,,,Life skill- Gr.2 Da.Ra.Bendre,1,
,,8,Ms.Bibi Hajira,Gr.2- D.V.Gundappa,Math-Gr.1 Dhruva,5,
,,,,,Math- Gr.1 Nachiketa,5,
,,,,,Math- Gr.2 Da.Ra.Bendre,5,
,,,,,Math- Gr.2 D.V.G,5,
,,,,,Math Olympiad-Gr.1 Dhruva,1,28
,,,,,Math Olympiad- Gr.1 Nachiketa,1,
,,,,,Math Olympiad- Gr.2 Da.Ra.Bendre,1,
,,,,,Math Olympiad- Gr.2 D.V.G,1,
,,,,,Remedial- Gr.2 D.V.G,1,
,,,,,Life skill- Gr.2 D.V.G,1,
,,,,,CCA- Gr.2 D.V.G,2,
,,9,Ms.Laxmi Benakatti,Gr.3 Gangubai Hanagal,English-Gr.1 Nachiketa,5,
,,,,,English- Gr.3 Gangubai Hanagal,5,
,,,,,English- Gr.3 Akka Mahadevi,5,
,,,,,Spoken English-Gr.1 Nachiketa,1,
,,,,,Spoken English- Gr.3 Gangubai Hanagal,1,
,,,,,Spoken English- Gr.3 Akka Mahadevi,1,
,,,,,English Olympiad-Gr.1 Nachiketa,1,30
,,,,,English Olympiad- Gr.3 Gangubai Hanagal,1,
,,,,,English Olympiad- Gr.3 Akka Mahadevi,1,
,,,,,EVS- Gr.3 Gangubai Hanagal,5,
,,,,,Remidial- Gr.3 Gangubai Hanagal,1,
,,,,,Life skill- Gr.3 Gangubai Hanagal,1,
,,,,,CCA-Gr.3 Gangubai Hanagal,2,
,,,,,,,
,,10,Ms.Aishwarya Ganiger,Gr.3 Akka Mahadevi,EVS- Gr.3 Akka Mahadevi,5,
,,,,,EVS- Gr.4 Purandaradasaru,5,
,,,,,EVS- Gr.5 Abhimanyu,5,
,,,,,Science olympiad - Gr.3 Akka Mahadevi,1,
,,,,,Math- Gr.3 Akka Mahadevi,5,
,,,,,Math-  Gr.5 Abhimanyu,5,31
,,,,,Math olympiad  Gr.5 Abhimanyu,1,
,,,,,Remidial- Gr.3 Akka Mahadevi,1,
,,,,,Life Skill Gr.3 Akka Mahadevi,1,
,,,,,CCA- Gr.3 Akka Mahadevi,2,
,,,,,,,
,,11,Ms.Kavya ishwar,Gr.4 Purandaradasaru,Math-Gr.3 Gangubai Hanagal,5,
,,,,,Math-Gr.4 Purandaradasaru,5,
,,,,,Math- Gr.6 Bhagat Singh,5,
,,,,,Math- Gr.6 Chandrashekar azad,5,26
,,,,,Math Olympiad-Gr.3 Gangubai Hanagal,1,
,,,,,Math Olympiad-Gr.4 Purandaradasaru,1,
,,,,,Remidial- Gr.4 Purandaradasaru,1,
,,,,,Life Skill Gr.4 Purandaradasaru,1,
,,,,,CCA- Gr.4 Purandaradasaru,2,
,,,,,,,
,,12,Ms.Monica Halli,Gr.5 Abhimanyu,English-Gr.5 Abhimanyu,5,
,,,,,English -Gr.4 Purandaradasaru,5,
,,,,,English -Gr.6 Chandrashekar azad,5,
,,,,,English- Gr.8 Maj. Somnath Sharma,5,
,,,,,Spoken English-Gr.5 Abhimanyu,1,28
,,,,,Spoken English -Gr.4 Purandaradasaru,1,
,,,,,Spoken English -Gr.6 Chandrashekar azad,1,
,,,,,Spoken English- Gr.8 Maj. Somnath Sharma,1,
,,,,,Remidial -Gr.5 Abhimanyu,1,
,,,,,Life Skill- Gr.5 Abhimanyu,1,
,,,,,CCA- Gr.5 Abhimanyu,2,
,,,,,,,
,,13,Ms. Basamma Olekar,Gr.6 Bhagat Singh,Kannada - Gr.6 Bhagat Singh,5,
,,,,,Kannada - Gr.6 Chandrashekar azad,5,
,,,,,Kannada Gr.7 Sir M.V,5,
,,,,,Kannada Gr.7 APJ Abdul kalam,5,28
,,,,,Kannada- Gr.5 Abhimanyu,5,
,,,,,Remidial- Gr.6 Bhagat Singh,1,
,,,,,CCA- Gr.6 Bhagat Singh,2,
,,,,,,,
,,14,Ms. Deepa Mahishi, Gr.6 Chandrashekar azad,Social Science-  Gr.6 Chandrashekar azad,5,
,,,,,Social Science-  Gr.6 Bhagat Singh ,5,
,,,,,Social Science- Gr.7 Sir M.V,5,
,,,,,Social Science-Gr.7 APJ Abdul kalam,5,23
,,,,,Remidial- Gr.6 Chandrashekar azad,1,
,,,,,CCA- Gr.6 Chandrashekar azad,2,
,,,,,,,
,,15,Ms.Jyothi Kulkarni,Gr.7 Sir M.V,English- Gr.6 Bhagat Singh,5,
,,,,,English- Gr.7 Sir M.V,5,
,,,,,English- Gr.8 WC Deepika Misra,5,
,,,,,English- Gr.9 Rajaram Mohan Roy,5,
,,,,,Spoken English- Gr.6 Bhagat Singh,1,
,,,,,Spoken English- Gr.7 Sir M.V,1,
,,,,,Spoken English- Gr.8 WC Deepika Misra,1,31
,,,,,Spoken English- Gr.9 Rajaram Mohan Roy,1,
,,,,,English Olympiad-Gr.6 Bhagat Singh,1,
,,,,,English Olympiad- Gr.7 Sir M.V,1,
,,,,,English Olympiad-Gr.8 WC Deepika Misra,1,
,,,,,English Olympiad-Gr.9 Rajaram Mohan Roy,1,
,,,,,Remidial-Gr.7 Sir M.V,1,
,,,,,CCA-Gr.7 Sir M.V,2,
,,,,,,,
,,16,Ms.Smita Sadanand,Gr.7 APJ Abdul kalam,English-Gr.7 APJ Abdul kalam,5,
,,,,,English-Gr.8 Cap. Vikram Batra,5,
,,,,,English- Gr.9 Jyothiba Phule,5,
,,,,,Spoken English-Gr.7 APJ Abdul kalam,1,
,,,,,Spoken English-Gr.8 Cap. Vikram Batra,1,
,,,,,Spoken English- Gr.9 Jyothiba Phule,1,
,,,,,English Olympiad- Gr.4 Purandaradasaru,1,26
,,,,,English Olympiad- Gr.5 Abhimanyu,1,
,,,,,English Olympiad- Gr.7 APJ Abdul kalam,1,
,,,,,English Olympiad- Gr.8 Cap. Vikram Batra,1,
,,,,,English Olympiad- Gr.9 Jyothiba Phule,1,
,,,,,English Olympiad- Gr.8 Maj. Somnath Sharma,1,
,,,,,Remidial-Gr.7 APJ Abdul kalam,1,
,,,,,CCA-Gr.7 APJ Abdul kalam,1,
,,,,,,,
,,17,Ms.Ruksar Bareen Desai,Gr.8 Cap. Vikram Batra,Biology-Gr.6 Bhagat Singh,2,
,,,,,Biology- Gr.6 Chandrashekar azad,2,
,,,,,Biology-Gr.7 Sir M.V,2,
,,,,,Biology-Gr.7 APJ Abdul kalam,2,
,,,,,Biology-Gr.8 Cap. Vikram Batra,2,
,,,,,Biology-Gr.8 Maj. Somnath Sharma,2,
,,,,,Biology- Gr.8 WC Deepika Misra,2,
,,,,,Biology-Gr.9 Rajaram Mohan Roy,2,
,,,,,Biology- Gr.9 Jyothiba Phule,2,33
,,,,,Chemistry-Gr.6 Bhagat Singh,2,
,,,,,Chemistry-Gr.6 Chandrashekar azad,2,
,,,,,Chemistry-Gr.7 Sir M.V,2,
,,,,,Chemistry-Gr.7 APJ Abdul kalam,2,
,,,,,Chemistry-Gr.8 Cap. Vikram Batra,2,
,,,,,Science olympiad - Gr.6 Bhagat Singh,1,
,,,,,Science olympiad - Gr.6 Chandrashekar azad,1,
,,,,,Science olympiad - Gr.7 Sir M.V,1,
,,,,,Science olympiad - Gr.7 APJ Abdul kalam,1,
,,,,,Remidial-Gr.8 Cap. Vikram Batra,1,
,,,,,,,
,,18,Ms.Roopashree Navalgund,Gr.8 Maj. Somnath Sharma,Social Science-Gr.8 Cap. Vikram Batra,5,
,,,,,Social Science-Gr.8 Maj. Somnath Sharma,5,
,,,,,Social Science-Gr.9 Rajaram Mohan Roy,6,23
,,,,,Social Science- Gr.9 Jyothiba Phule,6,
,,,,,Remidial-Gr.8 Maj. Somnath Sharma,1,
,,19,Ms Shailaja Lakshmeshwar, Gr.8 WC Deepika Misra,Kannada(2nd Language)-Gr.8 Cap. Vikram Batra,4,
,,,,,Kannada(2nd Language)-Gr.9 Rajaram Mohan Roy,5,
,,,,,Kannada(3rd Language)-Gr.8 Cap. Vikram Batra,3,27
,,,,,Kannada-Gr.8 Maj. Somnath Sharma,4,
,,,,,Kannada-Gr.8 WC Deepika Misra,4,
,,,,,Kannada-Gr.9 Jyothiba Phule,5,
,,,,,Remidial-Gr.8 WC Deepika Misra,1,
,,,,,CCA-Gr.8 WC Deepika Misra,1,
,,20,Mr. Vishwanath S R,Gr.9 Rajaram Mohan Roy,Physics-Gr.6 Bhagat Singh,2,
,,,,,Physics- Gr.6 Chandrashekar azad,2,
,,,,,Physics-Gr.7 Sir M.V,2,
,,,,,Physics-Gr.7 APJ Abdul kalam,2,
,,,,,Physics-Gr.8 Cap. Vikram Batra,2,
,,,,,Physics-Gr.8 Maj. Somnath Sharma,2,
,,,,,Physics- Gr.8 WC Deepika Misra,2,
,,,,,Physics-Gr.9 Rajaram Mohan Roy,2,
,,,,,Physics- Gr.9 Jyothiba Phule,2,
,,,,,Chemistry-Gr.8 Maj. Somnath Sharma,2,336
,,,,,Chemistry- Gr.8 WC Deepika Misra,2,
,,,,,Chemistry-Gr.9 Rajaram Mohan Roy,2,
,,,,,Chemistry- Gr.9 Jyothiba Phule,2,
,,,,,Science Olympiad- Gr.9 Jyothiba Phule,1,
,,,,,Science Olympiad-Gr.9 Rajaram Mohan Roy,1,
,,,,,Science Olympiad-Gr.8 Cap. Vikram Batra,1,
,,,,,Science Olympiad-Gr.8 Maj. Somnath Sharma,1,
,,,,,Science Olympiad- Gr.8 WC Deepika Misra,1,
,,,,,CCA-Gr.9 Rajaram Mohan Roy,2,
,,,,,,,
,,21,Ms. Sunita Shinde,Gr.9 Jyothiba Phule,Math- Gr.7 Sir M.V,5,
,,,,,Math- Gr.8 Cap. Vikram Batra,5,
,,,,,Math- Gr.8 Maj. Somnath Sharma,5,23
,,,,,Math- Gr.9 Jyothiba Phule,6,
,,,,,CCA-Gr.9 Jyothiba Phule,2,
,,,,,,,
,,22,Ms. Renuka Chulaki,Co-class teacher of Gr.1- Nachiketa  ,EVS-Gr.1 Dhruva,5,
,,,,,EVS- Gr.1 Nachiketa,5,
,,,,,EVS- Gr.2 Da.Ra.Bendre,5,
,,,,,EVS- Gr.2 D.V.G,5,
,,,,,Science olympiad-Gr.1 Dhruva,1,
,,,,,Science olympiad- Gr.1 Nachiketa,1,
,,,,,Science olympiad- Gr.2 Da.Ra.Bendre,1,29
,,,,,Science olympiad- Gr.2 D.V.G,1,
,,,,,Science Olympiad-Gr.4 Purandaradasaru,1,
,,,,,Science Olympiad- Gr.5 Abhimanyu,1,
,,,,,Life skill-Gr.1- Dhruva,1,
,,,,,CCA-Gr.1- Dhruva,2,
,,,,,,,
,,23,Ms. Renuka Benakatti,,Hindi-Gr.1 Dhruva,3,
,,,,,Hindi-- Gr.1 Nachiketa,3,
,,,,,Hindi-- Gr.2 Da.Ra.Bendre,3,
,,,,,Hindi-- Gr.2 D.V.G,3,
,,,,,Hindi--Gr.3 Gangubai Hanagal,3,30
,,,,,Hindi-- Gr.3 Akka Mahadevi,3,
,,,,,Hindi-- Gr.4 Purandaradasaru,3,
,,,,,Hindi- - Gr.6 Bhagat Singh,3,
,,,,,Hindi- - Gr.6 Chandrashekar azad,3,
,,,,,Hindi- Gr.7 Sir M.V,3,
,,,,,,,
,,24,Dhariyappa S,Co-class teacher of Gr.8 Maj. Somnath Sharma,Physical Education Gr.4 Purandaradasaru & Gr.5 Abhimanyu,3,
,,,,,Physical Education-Gr.6 Bhagat Singh,1,
,,,,,Physical Education- Gr.6 Chandrashekar azad,1,
,,,,,Physical Education-Gr.7 Sir M.V & Gr.7 APJ Abdul kalam,1,
,,,,,Physical Education-Gr.8 Cap. Vikram Batra,1,
,,,,,Physical Education-Gr.8 Maj. Somnath Sharma,1,
,,,,,Physical Education- Gr.8 WC Deepika Misra,1,
,,,,,Physical Education-Gr.9 Rajaram Mohan Roy,2,22
,,,,,Physical Education- Gr.9 Jyothiba Phule,2,
,,,,,Yoga Gr.4 & Gr.5,1,
,,,,,Yoga-Gr.6 Bhagat Singh,1,
,,,,,Yoga- Gr.6 Chandrashekar azad,1,
,,,,,Yoga-Gr.7 Sir M.V  Gr.7 APJ Abdul kalam,1,
,,,,,Yoga-Gr.8 Cap. Vikram Batra,1,
,,,,,Yoga-Gr.8 Maj. Somnath Sharma,1,
,,,,,Yoga- Gr.8 WC Deepika Misra,1,
,,,,,Yoga-Gr.9 Rajaram Mohan Roy,1,
,,,,,Yoga- Gr.9 Jyothiba Phule,1,
,,,,,,,
,,25,Santosh S Gobbargumpi,,Art & Craft-Gr.1 Dhruva,2,
,,,,,Art & Craft- Gr.1 Nachiketa,2,
,,,,,Art & Craft- Gr.2 Da.Ra.Bendre,2,
,,,,,Art & Craft- Gr.2 D.V.G,2,
,,,,,Art & Craft-Gr.3 Gangubai Hanagal,2,
,,,,,Art & Craft- Gr.3 Akka Mahadevi,2,
,,,,,Art & Craft- Gr.4 Purandaradasaru,2,
,,,,,Art & Craft-Gr.5 Abhimanyu,2,
,,,,,Art & Craft-Gr.6 Bhagat Singh,1,
,,,,,Art & Craft- Gr.6 Chandrashekar azad,1,25
,,,,,Art & Craft-Gr.7 Sir M.V,1,
,,,,,Art & Craft-Gr.7 APJ Abdul kalam,1,
,,,,,Art & Craft-Gr.8 Cap. Vikram Batra,1,
,,,,,Art & Craft-Gr.8 Maj. Somnath Sharma,1,
,,,,,Art & Craft- Gr.8 WC Deepika Misra,1,
,,,,,Art & Craft-Gr.9 Rajaram Mohan Roy,1,
,,,,,Art & Craft- Gr.9 Jyothiba Phule,1,
,,,,,,,
,,26,Mr. Shashidhar Patil,,Karate&Skating-Gr.1 Dhruva,2,
,,,,,Karate&Skating- Gr.1 Nachiketa,2,
,,,,,Karate&Skating- Gr.2 Da.Ra.Bendre,2,
,,,,,Karate&Skating- Gr.2 D.V.G,2,
,,,,,Karate&Skating-Gr.3 Gangubai Hanagal & Gr.3 Akka Mahadevi,2,
,,,,,Karate&Skating-Gr.4 Purandaradasaru & Gr.5 Abhimanyu,2,
,,,,,Karate&Skating-Gr.6 Bhagat Singh,2,28
,,,,,Karate&Skating-Gr.6 Chandrashekar azad,2,
,,,,,Karate&Skating-Gr.7 Sir M.V & Gr.7 APJ Abdul kalam,2,
,,,,,Karate&Skating-Gr.8 Cap. Vikram Batra,2,
,,,,,Karate&Skating-Gr.8 Maj. Somnath Sharma,2,
,,,,,Karate&Skating-Gr.8 WC Deepika Misra,2,
,,,,,Karate&Skating-Gr.9 Rajaram Mohan Roy,2,
,,,,,Karate&Skating-Gr.9 Jyothiba Phule,2,
,,,,,,,
,,27,Ms. Chaitra Joshi,Co-class teacher of Gr.1- Dhruva,Computer Science- Gr.1 Dhruva,3,
,,,,,Computer Science- Gr.1 Nachiketa,3,
,,,,,Computer Science- Gr.2 Da.Ra.Bendre,3,
,,,,,Computer Science- Gr.2 D.V.G,3,
,,,,,Computer Science-Gr.3 Gangubai Hanagal,3,27
,,,,,Computer Science- Gr.3 Akka Mahadevi,3,
,,,,,Computer Science-Gr.7 APJ Abdul kalam,3,
,,,,,Computer Science-Gr.8 WC Deepika Misra,3,
,,,,,Computer Science-Gr.9 Jyothiba Phule,3,
,,,,,,,
,,28,Ms. Waheeda Afrin,Co-class teacher of Gr.6 Chandrashekar azad,Computer Science- Gr.4 Purandaradasaru,3,
,,,,,Computer Science-Gr.5 Abhimanyu,3,
,,,,,Computer Science-Gr.6 Bhagat Singh,3,
,,,,,Computer Science-Gr.6 Chandrashekar azad,3,24
,,,,,Computer Science-Gr.7 Sir M.V,3,
,,,,,Computer Science-Gr.8 Cap. Vikram Batra,3,
,,,,,Computer Science-Gr.8 Maj. Somnath Sharma,3,
,,,,,Computer Science-Gr.9 Jyothiba Phule,3,
,,,,,,,
,,29,Librarian,,Library-Gr.1 Dhruva,1,
,,,,,Library-Gr.1 Nachiketa,1,
,,,,,Library- Gr.2 Da.Ra.Bendre,1,
,,,,,Library- Gr.2 D.V.G,1,
,,,,,Library-Gr.3 Gangubai Hanagal,1,8
,,,,,Library- Gr.3 Akka Mahadevi,1,
,,,,,Library- Gr.4 Purandaradasaru,1,
,,,,,Library-Gr.5 Abhimanyu,1,
,,,,,,,
,,30,Ms.Vedashree Marathe & Mr.Vittal Pattan,,Dance-Gr.1 Dhruva,1,
,,,,,Dance- Gr.1 Nachiketa,1,
,,,,,Dance- Gr.2 Da.Ra.Bendre,1,
,,,,,Dance- Gr.2 D.V.G,1,
,,,,,Dance-Gr.3 Gangubai Hanagal & Gr.3 Akka Mahadevi,1,
,,,,,Dance-Gr.4 Purandaradasaru & Gr.5 Abhimanyu,1,
,,,,,Dance-Gr.6 Bhagat Singh,1,14
,,,,,Dance-Gr.6 Chandrashekar azad,1,
,,,,,Dance-Gr.7 Sir M.V & Gr.7 APJ Abdul kalam,1,
,,,,,Dance-Gr.8 Cap. Vikram Batra,1,
,,,,,Dance-Gr.8 Maj. Somnath Sharma,1,
,,,,,Dance-Gr.8 WC Deepika Misra,1,
,,,,,Dance-Gr.9 Rajaram Mohan Roy,1,
,,,,,Dance-Gr.9 Jyothiba Phule,1,
,,,,,,,
,,31,Ms. Rajeshwari Kali,,Physical Education-Gr.1 Dhruva,3,
,,,,,Physical Education- Gr.1 Nachiketa,3,
,,,,,Physical Education- Gr.2 Da.Ra.Bendre,3,
,,,,,Physical Education- Gr.2 D.V.G,3,
,,,,,Physical Education-Gr.3 Gangubai Hanagal & Gr.3 Akka Mahadevi,3,20
,,,,,Yoga-Gr.1 Dhruva,1,
,,,,,Yoga- Gr.1 Nachiketa,1,
,,,,,Yoga- Gr.2 Da.Ra.Bendre,1,
,,,,,Yoga- Gr.2 D.V.G,1,
,,,,,Yoga-Gr.3 Gangubai Hanagal & Gr.3 Akka Mahadevi,1,
,,,,,,,
,,32,Ms. Vani Kulkarni,Co-class teacher of Gr.8 Cap. Vikram Batra,Hindi(2nd Language)-Gr.8 Cap. Vikram Batra,4,
,,,,,Hindi(2nd Language)-Gr.9 Rajaram Mohan Roy,5,
,,,,,Hindi(3rd Language)-Gr.8 Cap. Vikram Batra,3,
,,,,,Hindi-Gr.5 Abhimanyu,3,26
,,,,,Hindi-Gr.8 Maj. Somnath Sharma,3,
,,,,,Hindi-Gr.8 WC Deepika Misra,3,
,,,,,Hindi--Gr.7 APJ Abdul kalam,3,
,,,,,CCA-Gr.8 Maj. Somnath Sharma,2,
